Professor Name,Profile URL,Biography,Research Interests,Education,doc_id
Soheil Behnezhad,https://www.khoury.northeastern.edu/people/soheil-behnezhad/,"Soheil Behnezhad is an associate professor in the Khoury College of Computer Sciences at Northeastern University, based in Boston.Before joining Northeastern, he was a Motwani postdoc at Stanford. He is broadly interested in theoretical computer science. Much of his work focuses on graph algorithms and the theoretical foundations of big data algorithms. This includes sublinear time algorithms, parallel algorithms, streaming algorithms, dynamic algorithms, and graph sparsifiers.Behnezhad is the author of many papers in leading conferences in theoretical computer science for which he has won a number of awards, including a STOC 2025 best paper award, a SODA 2023 best paper award, an NSF CAREER award, a Google Research award, and a best thesis award at UMD, among others.",Graph algorithms; Parallel algorithms; Sublinear algorithms; Dynamic algorithms; Streaming algorithms,"PhD in Computer Science, University of Maryland; BSc in Software Engineering, Sharif University of Technology — Iran",1889
Mahsa Derakhshan,https://www.khoury.northeastern.edu/people/mahsa-derakhshan/,,Online algorithms; Algorithms for stochastic graphs; Algorithmic game theory; Mechanism design,"PhD in Computer Science, University of Maryland",1890
Paul Hand,https://www.khoury.northeastern.edu/people/paul-hand/,"Paul Hand is an assistant professor in the Khoury College of Computer Sciences and the College of Science at Northeastern University, based in Boston.",Theory and algorithms for machine learning and artificial intelligence,"PhD in Mathematics, Courant Institute of Mathematical Sciences at New York University; BS in Applied and Computational Mathematics, California Institute of Technology",1891
Zhengzhong Jin,https://www.khoury.northeastern.edu/people/zhengzhong-jin/,"Zhengzhong Jin is an assistant professor in the Khoury College of Computer Sciences at Northeastern University, based in Boston. He is a member of the Cybersecurity and Privacy Institute.",,"PhD in Computer Science, Johns Hopkins University; BS in Information and Computing Science, Fudan University — China",1892
Huy Lê Nguyen,https://www.khoury.northeastern.edu/people/huy-le-nguyen/,"Huy Lê Nguyen is an associate professor in the Khoury College of Computer Sciences at Northeastern University, based in Boston.",Algorithmic techniques for massive data sets; Optimization; Machine learning,"PhD in Computer Science, Princeton University; MEng in Computer Science, Massachusetts Institute of Technology; BS in Computer Science and Mathematics, Massachusetts Institute of Technology",1893
Rajmohan Rajaraman,https://www.khoury.northeastern.edu/people/rajmohan-rajaraman/,"Rajmohan Rajaraman is a professor and the associate dean of faculty affairs in the Khoury College of Computer Sciences at Northeastern University, based in Boston.",Approximation algorithms for intractable optimization problems; Network design; Distributed computing in dynamic environments; Algorithmic game theory,"PhD in Computer Science, University of Texas at Austin; BS in Computer Science, IIT Kanpur — India",1894
Abhi Shelat,https://www.khoury.northeastern.edu/people/abhi-shelat/,"Abhi Shelat is a professor in the Khoury College of Computer Sciences at Northeastern University, based in Boston.",Cryptography; Applied security,"PhD in Computer Science, Massachusetts Institute of Technology; MS in Computer Science, Massachusetts Institute of Technology; BA in Computer Science, Harvard University",1895
Ravi Sundaram,https://www.khoury.northeastern.edu/people/ravi-sundaram/,"Ravi Sundaram is a professor in the Khoury College of Computer Sciences at Northeastern University, based in Boston.",Networks; Algorithms,"PhD in Electrical Engineering and Computer Science, Massachusetts Institute of Technology; MS in Electrical Engineering and Computer Science, Massachusetts Institute of Technology; BTech in Computer Science and Engineering, Indian Institute of Technology — India",1896
Jonathan Ullman,https://www.khoury.northeastern.edu/people/jonathan-ullman/,"Jonathan Ullman is an associate professor in the Khoury College of Computer Sciences at Northeastern University, based in Boston.",Privacy; Machine learning and statistics; Cryptography; Algorithms,"PhD in Computer Science, Harvard University; BSE in Computer Science, Princeton University",1897
Emanuele Viola,https://www.khoury.northeastern.edu/people/emanuele-viola/,"Emanuele Viola is a professor in the Khoury College of Computer Sciences at Northeastern University, based in Boston.",Theoretical computer science,"PhD in Computer Science, Harvard University; BS in Computer Science, La Sapienza University — Italy",1898
Daniel Wichs,https://www.khoury.northeastern.edu/people/daniel-wichs/,"Daniel Wichs is a professor in the Khoury College of Computer Sciences at Northeastern University, based in Boston.",Modern cryptography; Information security,"PhD in Computer Science, New York University; MS in Computer Science, Stanford University; BS in Mathematics, Stanford University",1899
Hongyang Zhang,https://www.khoury.northeastern.edu/people/hongyang-zhang/,"Hongyang (Ryan) Zhang is an assistant professor in the Khoury College of Computer Sciences at Northeastern University, based in Boston.","Machine learning; Design and analysis of algorithms; Learning theory; Data, data augmentation, and networks; Language modeling","Postdoctorate in Statistics and Data Science, University of Pennsylvania; PhD in Computer Science, Stanford University; BEng in Computer Science, Shanghai Jiao Tong University — China",1900
Malihe Alikhani,https://www.khoury.northeastern.edu/people/malihe-alikhani/,"Malihe Alikhani is an assistant professor in the Khoury College of Computer Sciences at Northeastern University, based in Boston.",AI ethics; Artificial intelligence; Machine learning; Natural language processing,"PhD in computer science, Rutgers University; Graduate certificate in cognitive science, Rutgers University",1901
Christopher Amato,https://www.khoury.northeastern.edu/people/chris-amato/,"Christopher Amato is an associate professor in the Khoury College of Computer Sciences at Northeastern University, based in Boston.",Artificial intelligence; Machine learning; Robotics,"PhD in Computer Science, University of Massachusetts, Amherst; MS in Computer Science, University of Massachusetts, Amherst; BA in Clinical Psychology and Philosophy, Tufts University",1902
Silvio Amir,https://www.khoury.northeastern.edu/people/silvio-amir/,"Silvio Amir is an assistant professor in the Khoury College of Computer Sciences at Northeastern University, based in Boston. He is a core faculty member in Northeastern's Institute for Experiential AI and the NULab for Texts, Maps, and Networks.",Natural language processing; Machine learning; Information retrieval; Social media analysis,"Postdoctoral Fellow, Center for Language and Speech Processing, Johns Hopkins University; PhD in Information Systems and Computer Engineering, Instituto Superior Tecnico, Universidade de Lisboa — Portugal; MS in Computer Science and Engineering, Faculdade de Ciencias da Universidade de Lisboa — Portugal",1903
Javed Aslam,https://www.khoury.northeastern.edu/people/jay-javed-aslam/,"Javed Aslam is chief of artificial intelligence and a professor at the Khoury College of Computer Sciences at Northeastern University, based in Boston.",Machine learning; Information retrieval; Applications of statistics and information theory,"PhD in Computer Science, Massachusetts Institute of Technology; MS in Computer Science, Massachusetts Institute of Technology; BS in Electrical Engineering, University of Notre Dame",1904
David Bau,https://www.khoury.northeastern.edu/people/david-bau/,"David Bau is an assistant professor in the Khoury College of Computer Sciences at Northeastern University, based in Boston.",Machine learning; Computer vision; Artificial intelligence; Natural language processing; Human–computer interaction,"PhD in Computer Science, Massachusetts Institute of Technology; MS in Computer Science, Cornell University; AB in Mathematics, Harvard University",1905
Kenneth Church,https://www.khoury.northeastern.edu/people/kenneth-church/,"Kenneth Church is a professor of the practice in the Khoury College of Computer Sciences at Northeastern University, based in Silicon Valley. He is a senior principal research scientist at Northeastern's Institute for Experiential AI.",Natural language processing and information retrieval; Artificial intelligence; Machine learning,"PhD in Computer Science, Massachusetts Institute of Technology; MS in Computer Science, Massachusetts Institute of Technology; BS in Computer Science, Massachusetts Institute of Technology",1906
Nate Derbinsky,https://www.khoury.northeastern.edu/people/nate-derbinsky/,"Nate Derbinsky's research interests combine artificial intelligence, optimization, machine learning, and database systems. He recently helped invent the Boundary Forest Algorithm, an online instance-based approach for supervised and unsupervised learning, as well as the Three-Weight Algorithm, a general and distributed algorithm based on the Alternating Direction Method of Multipliers that has been effectively applied to large-scale problems in robotics, control, protein folding, and multi-dimensional packing. He also works with the Soar cognitive architecture, enabling a broad range of artificial intelligence systems endowed with effective and efficient long-term memory. In work with undergraduates, he created CHUCK, a robot that still needs some work, but will eventually beat its creator in a game of cornhole!",Artificial intelligence; Machine learning,"PhD in Computer Science and Engineering, University of Michigan; MS in Computer Science and Engineering, University of Michigan; BS in Computer Science, North Carolina State University",1907
Jennifer Dy,https://www.khoury.northeastern.edu/people/jennifer-dy/,"Jennifer G. Dy is an associate professor in the College of Engineering at Northeastern University, with a courtesy appointment in the Khoury College of Computer Sciences.",Machine learning; Data mining; Statistical pattern recognition; Computer vision; Image processing,"PhD in Electrical and Computer engineering, Purdue University; MS in Electrical and Computer engineering, Purdue University; BS in Electrical Engineering, University of the Philippines",1908
Ehsan Elhamifar,https://www.khoury.northeastern.edu/people/ehsan-elhamifar/,"Ehsan Elhamifar is an associate professor and director of the master’s in AI program in the Khoury College of Computer Sciences at Northeastern University, based in Boston. He is affiliated with the College of Engineering.",Artificial intelligence; Computer vision; Machine learning,"PhD in Electrical and Computer Engineering, Johns Hopkins University; MS in Engineering, Johns Hopkins University; MS in Electrical Engineering, Sharif University of Technology — Iran; BS in Biomedical Engineering, Amirkabir University of Technology — Iran",1909
Tina Eliassi-Rad,https://www.khoury.northeastern.edu/people/tina-eliassi-rad/,"Tina Eliassi-Rad is the inaugural Joseph E. Aoun Professor at Northeastern University, based in Boston. She is also a core faculty member at Northeastern's Network Science Institute and the Institute for Experiential AI, as well as an external faculty member at the Santa Fe Institute and the Vermont Complex Systems Center.",Data mining; Machine learning; Network science; Ethics and artificial intelligence,"PhD in Computer Science, University of Wisconsin-Madison; MS in Computer Science, University of Illinois at Urbana-Champaign; BS in Computer Science, University of Wisconsin-Madison",1910
Usama Fayyad,https://www.khoury.northeastern.edu/people/usama-fayyad/,"Usama Fayyad is a professor of the practice in the Khoury College of Computer Sciences and the executive director of the Institute for Experiential AI at Northeastern University, based at the Roux Institute in Portland, Maine.",Data mining; Image processing; Machine intelligence; Machine learning; Inductive learning,"PhD in Computer Science and Engineering, University of Michigan; MS in Mathematics and Computer Science and Engineering, University of Michigan; BS in Electrical Engineering and Computer Engineering, University of Michigan",1911
Sina Fazelpour,https://www.khoury.northeastern.edu/people/sina-fazelpour/,"Sina Fazelpour is an assistant professor in the Khoury College of Computer Sciences and the College of Social Sciences and Humanities at Northeastern University, based in Boston.",Data-driven and artificial intelligence technologies; Diversity in social groups and networks,"PhD in Philosophy, University of British Columbia — Canada; BA in Philosophy, University of Toronto — Canada; MS in Medical Biophysics, University of Toronto — Canada; BE in Electrical and Biomedical Engineering, McMaster University — Canada",1912
Yun Raymond Fu,https://www.khoury.northeastern.edu/people/raymond-yun-fu/,"Yun Raymond Fu is a professor in the College of Engineering and the Khoury College of Computer Sciences at Northeastern University, based in Boston.",Machine learning; Computational intelligence; Big data mining; Computer vision; Pattern recognition; Cyber-physical systems,"PhD in Electrical and Computer Engineering, University of Illinois at Urbana-Champaign; MS in Statistics, University of Illinois at Urbana-Champaign; BEng in Information Engineering, Xi'an Jiaotong University — China",1913
Wengong Jin,https://www.khoury.northeastern.edu/people/wengong-jin/,"Wengong Jin is an assistant professor in the Khoury College of Computer Sciences at Northeastern University, based in Boston.",Computational biology; Machine learning,"PhD in Electrical Engineering and Computer Science, Massachusetts Institute of Technology",1914
Bruce Maxwell,https://www.khoury.northeastern.edu/people/bruce-maxwell/,"Bruce Maxwell is a teaching professor and assistant director of computing programs at Northeastern University’s Seattle campus. He earned both his bachelor’s degrees in political science and engineering from Swarthmore College, his master of philosophy in computer speech and natural language processing from the University of Cambridge, and his PhD in robotics from Carnegie Mellon University. His areas of teaching include computer vision, computer graphics, robotics, machine learning, and more.",Computer vision; Machine learning; Robotics; Data science,"PhD in Robotics, Carnegie Mellon University; MPhil in Computer Speech and Natural Language Processing, University of Cambridge; BS in Engineering, Swarthmore College; BA in Political Science, Swarthmore College",1915
Varun Mishra,https://www.khoury.northeastern.edu/people/varun-mishra/,"Varun Mishra is an assistant professor in the Khoury College of Computer Sciences and the Bouvé College of Health Sciences at Northeastern University, based in Boston.",Ubiquitous computing for mental and behavioral health; mHealth sensing and intervention; Digital phenotyping; Personal health informatics,"PhD in Computer Science, Dartmouth College; BTech in Computer Science and Engineering, Shiv Nadar University — India",1916
Mahsan Nourani,https://www.khoury.northeastern.edu/people/mahsan-nourani/,"Mahsan Nourani is a research assistant professor in the Khoury College of Computer Sciences at Northeastern University, based at the Roux Institute in Portland, Maine.",,"PhD in Computer Science, University of Florida; MSc in Computer Science, University of Florida; BE in Information Technology (Computer Engineering), University of Tehran — Iran",1917
Alina Oprea,https://www.khoury.northeastern.edu/people/alina-oprea/,"Alina Oprea is a professor in the Khoury College of Computer Sciences at Northeastern University, based in Boston.",Security analytics; Cloud security; Network security; Applied cryptography,"PhD in Computer Science, Carnegie Mellon University; MS in Computer Science, Carnegie Mellon University; BS in Mathematics and Computer Science, University of Bucharest — Romania",1918
Lace Padilla,https://www.khoury.northeastern.edu/people/lace-padilla/,"Lace Padilla is an assistant professor in the Khoury College of Computer Sciences and the College of Science at Northeastern University, based in Boston and Oakland.",,"PhD in Cognitive and Neural Sciences, University of Utah; MS in Cognitive and Neural Sciences, University of Utah; MFA in Design, University of Utah; BFA in Multimedia, Pacific Northwest College of Art",1919
Jose Perea,https://www.khoury.northeastern.edu/people/jose-perea/,"Jose Perea is an associate professor in the Khoury College of Computer Sciences and the College of Science at Northeastern University, based in Boston.",Data science; Machine learning; Algorithms and theory,"PhD in Mathematics, Stanford University; BS in Mathematics, Universidad del Valle — Colombia",1920
Ryan M. Rad,https://www.khoury.northeastern.edu/people/ryan-m-rad/,"Ryan M. Rad is an assistant teaching professor at the Khoury College of Computer Sciences at Northeastern University in Vancouver. He earned his bachelor’s in computer engineering from the University of Guilan, his master’s in computer science from the University of Malaya, and his PhD in applied sciences from Simon Fraser University. His areas of teaching include machine learning, data analytics, and visualization software engineering algorithms. Rad is currently research active in computational biology, machine learning, and personal health informatics.",Machine learning; Computer vision; Generative models; Data science,"PhD in Applied Sciences, Simon Fraser University — Canada; MS in Computer Science, University of Malaya — Malaysia; BE in Computer Engineering, University of Guilan — Iran",1921
Saiph Savage,https://www.khoury.northeastern.edu/people/saiph-savage/,"Saiph Savage is an assistant professor and director of the Civic AI Lab in the Khoury College of Computer Sciences at Northeastern University, based in Boston.",Artificial intelligence; Human–computer interaction; Data science; Network science; Machine learning,"PhD in Computer Science; University of California, Santa Barbara; MA in Computer Science; University of California, Santa Barbara; BA in Computer Engineering, Universidad Nacional Autónoma de México — Mexico",1922
Rajagopal Venkatesaramani,https://www.khoury.northeastern.edu/people/rajagopal-venkatesaramani/,"Rajagopal Venkatesaramani is an assistant teaching professor in the Khoury College of Computer Sciences at Northeastern University, based in Boston.",,"PhD in Computer Science, Washington University in St. Louis; MS in Computer Science, Washington University in St. Louis; BTech in Computer Science, Shiv Nadar University — India",1923
Byron Wallace,https://www.khoury.northeastern.edu/people/byron-wallace/,"Byron Wallace is an associate dean of graduate programs, director for the undergraduate data science program, and the Sy and Laurie Sternberg Interdisciplinary Associate Professor in the Khoury College of Computer Sciences at Northeastern University, based in Boston.",Data mining; Machine learning; Natural language processing,"PhD in Computer Science, Tufts University; BS in Computer Science, University of Massachusetts at Amherst",1924
Robin Walters,https://www.khoury.northeastern.edu/people/robin-walters/,"Robin Walters is an assistant professor in the Khoury College of Computer Sciences at Northeastern University, based in Boston.",Deep learning; Equivariant neural networks; Representation theory; Algebraic geometry,"PhD in Mathematics, University of Chicago; AB in Mathematics, Harvard University",1925
Dakuo Wang,https://www.khoury.northeastern.edu/people/dakuo-wang/,"Dakuo Wang is an associate professor in the Khoury College of Computer Sciences at Northeastern University, based in Boston.",Human–computer interaction; Human–AI collaboration; Natural language processing; Health informatics; Data science; Computer-supported cooperative work,"PhD in Informatics, UC Irvine; MS in Computer and Information Sciences, UC Irvine; MS in Electrical Engineering, UC Irvine; BS in Computer Science, Beijing University of Technology — China",1926
Lawson Wong,https://www.khoury.northeastern.edu/people/lawson-wong/,"Lawson L.S. Wong is an assistant professor in the Khoury College of Computer Sciences at Northeastern University, based in Boston.",,"PhD, Massachusetts Institute of Technology",1927
Kylie Ariel Bemis,https://www.khoury.northeastern.edu/people/kylie-ariel-bemis/,"Kylie Ariel Bemis is an assistant teaching professor at the Khoury College of Computer Sciences at Northeastern University. She is interested in statistical computing environments and methods for complex data, especially datasets with non-trivial correlation structures or that integrate data from multiple sources",Statistical computing environments; Methods for complex data,"PhD in Statistics, Purdue University; MS in Applied Statistics, Purdue University; BS in Statistics and Mathematics, Purdue University",1928
Benjamin Gyori,https://www.khoury.northeastern.edu/people/benjamin-gyori/,"Benjamin M. Gyori is an associate professor in the Khoury College of Computer Sciences and the College of Engineering at Northeastern University, based in Boston.",,"PhD in Computational Biology, National University of Singapore; BSc in Computer Engineering, Budapest University of Technology and Economics — Hungary",1929
Predrag Radivojac,https://www.khoury.northeastern.edu/people/predrag-radivojac/,"Predrag Radivojac is a professor, director of the master's program in data science, and associate dean of research in the Khoury College of Computer Sciences at Northeastern University, based in Boston.",Computational biology; Machine learning,"PhD in computer and information sciences, Temple University; MS in electrical engineering, University of Belgrade — Serbia; BS in electrical engineering, University of Novi Sad — Serbia",1930
Olga Vitek,https://www.khoury.northeastern.edu/people/olga-vitek/,"Olga Vitek is the Raymond Bradford Bradstreet Professor in the Khoury College of Computer Sciences at Northeastern University, based in Boston. She is also the director of the Barnett Institute for Chemical and Biological Analysis and the former Sy and Laurie Sternberg Interdisciplinary Associate Professor.",Statistical and computational methods for systems-wide molecular investigations of biological organisms,"PhD in Statistics, Purdue University; MS in Mathematical Statistics, Purdue University; BS, University of Geneva — Switzerland",1931
Adeel Bhutta,https://www.khoury.northeastern.edu/people/adeel-bhutta/,Adeel A. Bhutta is an associate teaching professor at the Khoury College of Computer Sciences at Northeastern University.,Artificial intelligence; Machine learning; Software engineering; Computer science education,"PhD in Computer Engineering, University of Central Florida; MS in Computer Engineering, University of Central Florida; MS in Computer Science, University of Central Florida; BS in Electronic Engineering, GIK Institute — Pakistan",1932
Ryan Bockmon,https://www.khoury.northeastern.edu/people/ryan-bockmon/,"Ryan Bockmon is an assistant teaching professor at the Khoury College of Computer Sciences at Northeastern University, based at the Roux Institute in Portland, Maine.",,"PhD in Computer Science, University of Nebraska–Lincoln; BS in Computer Science, Montana State University",1933
Carla E. Brodley,https://www.khoury.northeastern.edu/people/carla-brodley/,Carla E. Brodley is the dean of inclusive computing and the founding executive director of the Center for Inclusive Computing (CIC) at Northeastern University. She is the dean emeritus of the Khoury College of Computer Sciences.,Computing education research; Broadening participation in computing; University administration,"PhD in Computer Science, University of Massachusetts at Amherst; MS in Computer Science, University of Massachusetts at Amherst; BA in Mathematics and Computer Science, McGill University — Canada",1934
Arjun Guha,https://www.khoury.northeastern.edu/people/arjun-guha/,"Arjun Guha is an associate professor in the Khoury College of Computer Sciences at Northeastern University, based in Boston.",Programming languages,"PhD in Computer Science, Brown University; BA in Computer Science, Grinnell College",1935
Lama Hamandi,https://www.khoury.northeastern.edu/people/lama-hamandi/,"Lama Hamandi is an associate teaching professor in the Khoury College of Computer Sciences at Northeastern University, based in Silicon Valley and Oakland.",Computer science education,"PhD in Electrical and Computer Engineering, Ohio State University; MS in Electrical and Computer Engineering, Ohio State University; BS in Electrical Engineering, American University of Beirut",1936
Jeongkyu Lee,https://www.khoury.northeastern.edu/people/jeongkyu-lee/,"Jeongkyu Lee is a teaching professor at the Khoury College of Computer Sciences at Northeastern University’s Silicon Valley campus. He earned his bachelor’s in mathematics from Sungkyunkwan University, master’s in computer science from Sogang University, and PhD in computer science and engineering from the University of Texas at Arlington. His areas of teaching include big data, NoSQL database, Python, and statistics.",Big data; Machine learning; Robotics; Computer vision; Database systems; Data visualization; Deep learning,"PhD in Computer Science and Engineering, University of Texas at Arlington; MS in Computer Science, Sogang University; BS in Mathematics, Sungkyunkwan University",1937
Benjamin Lerner,https://www.khoury.northeastern.edu/people/benjamin-lerner/,"Benjamin Lerner is an associate teaching professor at the Khoury College of Computer Sciences at Northeastern University. He earned his doctorate in computer science at the University of Washington, Seattle and his bachelor’s in computer science and mathematics at Yale University. At Northeastern, Lerner teaches Fundamentals of Computer Science, Object-Oriented Design, and Compilers. He received awards for CCIS Teacher of the Year and University Excellence in Teaching in 2017. In the past, Lerner worked for Microsoft and MSR, and has taught at the Johns Hopkins Center for Talented Youth Program.",Programming languages; Computer science education,"PhD in Computer Science, University of Washington; BS in Computer Science and Mathematics, Yale University",1938
Albert Lionelle,https://www.khoury.northeastern.edu/people/albert-lionelle/,Albert Lionelle is an associate teaching professor and the director of Align at the Khoury College of Computer Sciences at Northeastern University. He earned his bachelor's and his PhD degrees in computer science from Colorado State University.,Computer science education; Inclusive pedagogy; Grading practices; Learning and recall practices based in psychology; Learning analytics; Learning tools design,"PhD in Computer Science, Colorado State University; MS in Computer Science, Colorado State University; BS in Computer Science, Colorado State University",1939
Felix Muzny,https://www.khoury.northeastern.edu/people/felix-muzny/,"Felix Muzny is the director of teaching assistants, a clinical instructor, and a doctoral student at the Khoury College of Computer Sciences at Northeastern University, based in Boston.",,"MS in Computer Science, Stanford University; BS in Computer Science, University of Washington; BA in English, University of Washington",1940
Vance Ricks,https://www.khoury.northeastern.edu/people/vance-ricks/,"Vance Ricks is an associate teaching professor at Northeastern University, holding joint appointments with the Khoury College of Computer Sciences and the College of Social Sciences and Humanities. Ricks’ teaching and research focus on ethical dimensions of computer technologies, and he is affiliated with the Algorithm Auditing Research Group at Northeastern.",Friendships and parasocial relationships online; Human-computer interaction; Artificial intelligence,"PhD in Philosophy, Stanford University; BA, Guilford College",1941
Sami Rollins,https://www.khoury.northeastern.edu/people/sami-rollins/,"Sami Rollins is a teaching professor and Director of Graduate Computing Programs in the Khoury College of Computer Sciences at Northeastern University in Oakland. She was previously a professor of Computer Science at the University of San Francisco (USF), and she has served as a program director in the Division of Undergraduate Education at the National Science Foundation and as a faculty member at Mount Holyoke College. She holds a BA in Computer Science from Mills College and MS and PhD degrees from the University of California at Santa Barbara. Rollins's research interests include broadening participation in computing, computer science education, and mobile and distributed computing. She contributes to an NSF-funded S-STEM project that awards scholarships to students studying computing at USF. The project implements a suite of community-building activities designed to improve scholars' self-efficacy and develop computing identity. Rollins also co-directed a project that developed system support and user-driven strategies for improving energy efficiency in residential buildings.Rollins has served in a number of service roles. She was chair of the Computer Science department at USF from 2013-2016. She also served on the editorial board of Sigmobile’s GetMobile Magazine from 2014-2018. She has been involved with the discipline-specific Networking Networking Women community since 2010, serving as mentor, fellowship co-chair, and workshop co-chair. She was co-chair of the board of Networking Networking Women from 2016 to 2018.",Broadening participation in computing; Computer science education; Mobile and distributed computing; Home energy management,"PhD in Computer Science, University of California Santa Barbara; MS in Computer Science, University of California Santa Barbara; BA in Computer Science, Mills College",1942
Ilmi Yoon,https://www.khoury.northeastern.edu/people/ilmi-yoon/,"Ilmi Yoon is a teaching professor and a director of computing programs in the Khoury College of Computer Sciences at Northeastern University, based in Silicon Valley.",Artificial intelligence; Computational biology; Human-computer interaction; Machine learning,"PhD in Computer Graphics, University of Southern California; MS in Computer Science, University of Southern California; BS in Computer Science, Yonsei University — South Korea",1943
Tamara Bonaci,https://www.khoury.northeastern.edu/people/tamara-bonaci/,Tamara Bonaci is an associate teaching professor at the Khoury College of Computer Sciences at Northeastern University’s Seattle campus. She teaches security and privacy courses at Northeastern University’s Seattle campus and the University of Washington. Bonaci's research focuses on the security and privacy of emerging and forthcoming biomedical technologies.,Security and privacy of biomedical technologies; Security and privacy issues of neural engineering systems; Quantifying private information from electrophysiological signals,"PhD in Electrical Engineering, University of Washington; MS in Electrical Engineering, University of Washington",1944
David Choffnes,https://www.khoury.northeastern.edu/people/david-choffnes/,"David Choffnes is an associate professor in the Khoury College of Computer Sciences at Northeastern University, based in Boston. He is the executive director and a founding member of Northeastern's Cybersecurity and Privacy Institute, which aims to safeguard critical technology by forging partnerships with industry leaders and international academics.","Distributed systems; Networking; Privacy and security; Measuring deployed Internet-scale systems (including mobile and IoT); Designing solutions to address problems with reliability, efficiency, and security","PhD in Computer Science, Northwestern University; MS in Computer Science, Northwestern University; BA in Physics and French, Amherst College",1945
Michael Ann DeVito,https://www.khoury.northeastern.edu/people/michael-ann-devito/,"Michael Ann DeVito is an assistant professor in the Khoury College of Computer Sciences and the College of Arts, Media and Design at Northeastern University, based in Boston.",,"PhD in Media, Technology, and Society, Northwestern University; MA in Media and Public Affairs, George Washington University; BA in Journalism and Mass Communication, George Washington University",1946
Laura Edelson,https://www.khoury.northeastern.edu/people/laura-edelson/,"Laura Edelson is an assistant professor in the Khoury College of Computer Sciences at Northeastern University, based in Boston.",,"PhD in Computer Science, New York University; BS Computer Science, Pace University",1947
Kevin Fu,https://www.khoury.northeastern.edu/people/kevin-fu/,"Kevin Fu is a professor at Northeastern University's Khoury College of Computer Sciences and College of Engineering, where he founded and directs the Archimedes Center for Health Care and Medical Device Cybersecurity.",Analog cybersecurity; Internet of Things; Medical device security; Security and privacy,"PhD in Electrical Engineering and Computer Science, Massachusetts Institute of Technology; MEng in Electrical Engineering and Computer Science, Massachusetts Institute of Technology; BS in Computer Science and Engineering, Massachusetts Institute of Technology",1948
Joshua Gancher,https://www.khoury.northeastern.edu/people/joshua-gancher/,"Joshua Gancher is an assistant professor in the Khoury College of Computer Sciences at Northeastern University, based in Boston.",Formal methods; Programming languages; Security and privacy,"PhD in Computer Science, Cornell University; BA in Mathematics, Reed College",1949
Ariel Hamlin,https://www.khoury.northeastern.edu/people/ariel-hamlin-2/,"Ariel Hamlin is an assistant teaching professor at the Khoury College of Computer Sciences at Northeastern University, based in Boston.",,"PhD in Computer Science, Northeastern University; BS in Computer Science and Civil Engineering, Tufts University",1950
Engin Kirda,https://www.khoury.northeastern.edu/people/engin-kirda/,"Engin Kirda is a professor in the Khoury College of Computer Sciences and the College of Engineering at Northeastern University, based in Boston.","Systems, software, and network security; Web security; Binary analysis; Malware detection","PhD in Computer Science, Technical University of Vienna — Austria; MS in Computer Science, Technical University of Vienna — Austria; BS in Computer Science, Technical University of Vienna — Austria",1951
Ada Lerner,https://www.khoury.northeastern.edu/people/ada-lerner/,"Ada Lerner is an assistant professor and the director of the BS in Cybersecurity program at the Khoury College of Computer Sciences at Northeastern University, based in Boston.",Human–computer interaction; Security and privacy,"PhD in Computer Science and Engineering, University of Washington; MS in Computer Science and Engineering, University of Washington; BA in Computer Science, Amherst College",1952
Alan Mislove,https://www.khoury.northeastern.edu/people/alan-mislove/,"Alan Mislove is a professor and the senior associate dean for academic affairs in the Khoury College of Computer Sciences at Northeastern University, based in Boston.",Network measurement; Networking; Online social networks; Security and privacy,"PhD in Computer Science, Rice University; MS in Computer Science, Rice University; BA in Computer Science, Rice University",1953
Cristina Nita-Rotaru,https://www.khoury.northeastern.edu/people/cristina-nita-rotaru/,"Cristina Nita-Rotaru is a professor in the Khoury College of Computer Sciences at Northeastern University, based in Boston. She is a founding member of Northeastern's Cybersecurity and Privacy Institute.",Distributed systems and network security; Insider-resilient systems; Analytics for security and fault tolerance; Automated testing and verification,"PhD, Johns Hopkins University; MS, Politechnica University of Bucharest — Romania; BS, Politechnica University of Bucharest —Romania",1954
William Robertson,https://www.khoury.northeastern.edu/people/william-robertson/,"William Robertson is an associate professor in the Khoury College of Computer Sciences and the College of Engineering at Northeastern University, based in Boston. He co-directs the Northeastern Systems Security Lab and is principal investigator for the Cybersecurity and Privacy Institute's Diverge Lab.",Systems security; Web security; Mobile security,"PhD in computer science, University of California, Santa Barbara; BS in computer science, University of California, Santa Barbara",1955
Mohit Singhal,https://www.khoury.northeastern.edu/people/mohit-singhal/,"Mohit Singhal is an assistant teaching professor in the Khoury College of Computer Sciences at Northeastern University, based in Boston.",Data science; Security and privacy,"PhD in Computer Science, The University of Texas at Arlington; MS in Computer Science, The University of Texas at Arlington; BTech in Computer Science and Engineering, Jaypee University of Information Technology — India",1956
Jessica Staddon,https://www.khoury.northeastern.edu/people/jessica-staddon/,"Jessica Staddon is a professor of the practice in the Khoury College of Computer Sciences at Northeastern University, based in Oakland.",Security and privacy; Online safety; Human–computer interaction,"PhD in Math, UC Berkeley; BA in Applied Math, UC Berkeley",1957
Christo Wilson,https://www.khoury.northeastern.edu/people/christo-wilson/,"Christo Wilson is a professor and the associate dean of undergraduate programs in the Khoury College of Computer Sciences at Northeastern University, based in Boston. He is a founding member of Northeastern's Cybersecurity and Privacy Institute.","Algorithm auditing, specifically the fairness of black-box algorithmic systems are; Online tracking and privacy; Public key infrastructures like SSL/TLS and DNSSEC","PhD in Computer Science, University of California, Santa Barbara; MS in Computer Science, University of California, Santa Barbara; BS in Computer Science, University of California, Santa Barbara",1958
Cheng Tan,https://www.khoury.northeastern.edu/people/cheng-tan/,"Cheng Tan is an assistant professor in the Khoury College of Computer Sciences at Northeastern University, based in Boston.",Computer systems; Systems and networking; Security; Operating systems,"PhD in Computer Science, New York University; MS in Software Engineering, Fudan University — China; BE in Software Engineering, Nanjing University — China",1959
Maryam Tanha,https://www.khoury.northeastern.edu/people/maryam-tanha/,"Maryam Tanha is an assistant teaching professor in the Khoury College of Computer Sciences at Northeastern University, based in Vancouver.",Cybersecurity for Android mobile apps; Systems and networking,"PhD in Computer Science, University of Victoria — Canada; MSc in Network and Communications Engineering, Universiti Putra Malaysia — Malaysia; BSc in Software Engineering, Yazd University — Iran",1960
Ziming Zhao,https://www.khoury.northeastern.edu/people/ziming-zhao/,"Ziming Zhao is an associate professor in the Khoury College of Computer Sciences at Northeastern University, based in Boston.",Security and privacy; Systems and networking,"PhD in Computer Science, Arizona State University; MS in Cryptography, Beijing University of Posts and Telecommunications — China; BE in Automation, Beijing University of Posts and Telecommunications — China",1961
Ricardo Baeza-Yates,https://www.khoury.northeastern.edu/people/ricardo-baeza-yates/,"Ricardo Baeza-Yates is a professor of the practice and the director of research at Northeastern University's Institute for Experiential Artificial Intelligence, based in Silicon Valley.",Information retrieval; Web search and data mining; Data science and its associated algorithms,"PhD in Computer Science, University of Waterloo — Canada; MS in Computer Science, University of Chile in Santiago; MEng in Electronic Engineering, University of Chile in Santiago; BS in Electronic Engineering, University of Chile in Santiago",1962
Mario Nascimento,https://www.khoury.northeastern.edu/people/mario-nascimento/,"Mario Nascimento is a professor of the practice and the director of Pacific Northwest Research in the Khoury College of Computer Sciences at Northeastern University, based in Vancouver.",Spatiotemporal databases,"PhD in Computer Science, Southern Methodist University; MS in Electrical Engineering, State University of Campinas — Brazil; BS in Applied Mathematics, State University of Campinas — Brazil",1963
Mirek Riedewald,https://www.khoury.northeastern.edu/people/mirek-riedewald/,"Mirek Riedewald is a professor in the Khoury College of Computer Sciences at Northeastern University, based in Boston.",Databases; Data mining,"PhD in Computer Science, University of California, Santa Barbara; BS in Computer Science, Saarland University — Germany",1964
Albert-László Barabási,https://www.khoury.northeastern.edu/people/albert-laszlo-barabasi/,"Albert-László Barabási is the Robert Gray Dodge Professor of Network Science and a Distinguished University Professor at Northeastern University, based in Boston. He directs the Center for Complex Network Research and holds appointments in the College of Science and the Khoury College of Computer Sciences.",Network science; Properties of sub-cellular networks in understanding human disease; Control theory,"PhD in Physics, Boston University; MS in Theoretical Physics, Eötvös Loránd University — Hungary; BS in Physics and Engineering, University of Bucharest — Romania",1965
Miguel Fuentes-Cabrera,https://www.khoury.northeastern.edu/people/miguel-fuentes-cabrera/,"Miguel Fuentes-Cabrera is an associate teaching professor in the Khoury College of Computer Sciences at Northeastern University, based in Oakland.",,"PhD in Physics, University of La Laguna — Spain; BS in Physics, University of La Laguna — Spain",1966
Eric Gerber,https://www.khoury.northeastern.edu/people/eric-gerber/,"Eric Gerber is an assistant teaching professor in the fields of data science and statistics at the Khoury College of Computer Sciences at Northeastern University. He earned his bachelor’s in both international studies and mathematics from University of North Caroline Asheville, and his master’s and doctorate degrees in statistics from Purdue University.",Sports analytics; Bayesian hierarchical models; Predictive modeling,"PhD in Statistics, Purdue University; MS in Applied Statistics, Purdue University; BA in Mathematics (Statistics) , University of North Carolina Asheville; BA in Interdisciplinary Studies (International Studies), University of North Carolina Asheville",1967
Fatemeh Ghoreishi,https://www.khoury.northeastern.edu/people/fatemeh-ghoreishi/,"Seyede Fatemeh Ghoreishi is an assistant professor in the Khoury College of Computer Sciences and the College of Engineering at Northeastern University, based in Boston.",Machine learning; Artificial intelligence; Robotics; Bayesian statistics; Design under uncertainty; Stochastic optimization,"PhD in Mechanical Engineering, Texas A&M University; MSc in Mechanical Engineering, Texas A&M University; MSc in Biomedical Engineering, Iran University of Science and Technology; BS in Mechanical Engineering, University of Tehran — Iran",1968
Yifan Hu,https://www.khoury.northeastern.edu/people/yifan-hu/,"Yifan Hu is a professor of the practice in the Khoury College of Computer Sciences at Northeastern University, based in Seattle.",Data visualization; Machine learning; Artificial intelligence; Natural language processing and information retrieval; Network science,"PhD in Optimization, Loughborough University — United Kingdom; MSc in Applied Mathematics, Shanghai Jiao Tong University — China; BSc in Applied Mathematics, Shanghai Jiao Tong University — China",1969
David Lazer,https://www.khoury.northeastern.edu/people/david-lazer/,"David Lazer is a University Distinguished Professor of political science and computer science at Northeastern University, jointly appointed between the Khoury College of Computer Sciences and the College of Social Sciences and Humanities.",Computational social science; Network science; Collective cognition; Political networks and deliberative democracy; Social media and social influence in networks; Predictive modeling,"PhD in Political Science, University of Michigan; BA in Economics, Wesleyan University",1970
Christoph Riedl,https://www.khoury.northeastern.edu/people/christoph-riedl/,"Christoph Riedl is a professor in the D’Amore-McKim School of Business and the Khoury College of Computer Sciences at Northeastern University, based in Boston. He is a core faculty member at the Network Science Institute and an affiliate at Harvard Business School's Institute for Quantitative Social Science, where he completed his postdoctoral fellowship.",Collective intelligence; Human–AI teaming; Crowdsourcing; Social influence/peer effects in social networks,"PhD in Information Systems, Technische University at Munchen — Germany; MS in Information Systems, Technische University at Munchen — Germany; BS in Computer Science, Technische University at Munchen — Germany",1971
Alessandro Vespignani,https://www.khoury.northeastern.edu/people/alessandrovespignani/,"Alessandro Vespignani is the Sternberg Distinguished University Professor at Northeastern University, based in Boston. He holds interdisciplinary appointments in the Khoury College of Computer Sciences, College of Science, and Bouvé College of Health Sciences.",Characterization and modeling of complex networks; Modeling the spatial spread of epidemics; Resilience of complex networks; Collective behavior of techno-social systems,"PhD in Physics, Sapienza University of Rome — Italy",1972
Enrico Bertini,https://www.khoury.northeastern.edu/people/enrico-bertini/,"Enrico Bertini is an associate professor in the Khoury College of Computer Science and the College of Arts, Media and Design at Northeastern University, based in Boston.",Visualization; Machine learning,"PhD in Computer Engineering, University of Rome, La Sapienza — Italy",1973
Michelle Borkin,https://www.khoury.northeastern.edu/people/michelle-borkin/,"Michelle Borkin is an assistant professor at the Khoury College of Computer Sciences at Northeastern University, based in Boston.","Information and scientific visualization; Human–computer interaction; Medical imaging and radiology; Astrophysics; Visualization, cognition, and perception","PhD in Applied Physics, Harvard University; MS in Applied Physics, Harvard University; BA in Astronomy, Astrophysics, and Physics, Harvard University",1974
Michael Correll,https://www.khoury.northeastern.edu/people/michael-correll/,"Michael Correll is an associate research professor in the Khoury College of Computer Sciences at Northeastern University, based at the Roux Institute in Portland, Maine.",,"PhD in Computer Science, University of Wisconsin–Madison; MS in Computer Sciences, University of Wisconsin–Madison; BA in Computer Science and Philosophy, St. Mary’s College of Maryland",1975
Cody Dunne,https://www.khoury.northeastern.edu/people/cody-dunne/,"Cody Dunne is an associate professor in the Khoury College of Computer Sciences at Northeastern University, based in Boston.",Information visualization; Visual analytics; Graph and network visualization; Data workflows; Data and analytic provenance; Human–computer interaction; Personal health informatics,"PhD in Computer Science, University of Maryland; MS in Computer Science, University of Maryland; BA in Computer Science and Mathematics, Cornell College",1976
Cliff Forlines,https://www.khoury.northeastern.edu/people/cliff-forlines/,"Clifton Forlines is an associate research professor in the Khoury College of Computer Sciences at Northeastern University, based in Portland, Maine.",Human–computer interaction; Data science; Data visualization; Virtual reality; Augmented reality; Extended reality,"PhD in Computer Science, University of Toronto — Canada; MS in Human-Computer Interaction, Carnegie Mellon University; MS in Entertainment Technology, Carnegie Mellon University; BFA in Industrial Design, Carnegie Mellon University",1977
John Alexis Guerra Gomez,https://www.khoury.northeastern.edu/people/john-alexis-guerra-gomez/,John Alexis Guerra Gómez is an associate teaching professor at the Khoury College of Computer Sciences at Northeastern University's Silicon Valley campus.,Visual analytics; Accessibility; Big data; Human-computer interaction; Web development,"PhD in Computer Science, University of Maryland; MS in Mathematical Computing, Universidad Tecnológica de Pereira – Colombia; BS in Computer Science, Universidad Tecnológica de Pereira – Colombia",1978
Melanie Tory,https://www.khoury.northeastern.edu/people/melanie-tory/,"Melanie Tory is a professor of the practice and the director of data visualization research at the Khoury College of Computer Sciences at Northeastern University, based at the Roux Institute in Portland, Maine.",Visualization; Human–computer interaction; Human–AI interaction,"PhD in Visualization, Simon Fraser University — Canada",1979
Caglar Yildirim,https://www.khoury.northeastern.edu/people/caglar-yildirim/,"Caglar Yildirim is an associate teaching professor at the Khoury College of Computer Sciences at Northeastern University. His research focuses on human-computer interaction, mixed reality, data visualization, games, and applied machine learning. Yildirim is a member of the Data Visualization Lab and has served on the Khoury Undergraduate Curriculum Committee and the Khoury MSCS Curriculum Committee at Northeastern.",Human-computer interaction; Applied machine learning; Data visualization; Games,"PhD in Human-Computer Interaction, Iowa State University; MS in Human-Computer Interaction, Iowa State University",1980
Gene Cooperman,https://www.khoury.northeastern.edu/people/gene-cooperman/,"Gene Cooperman is a professor in the Khoury College of Computer Sciences at Northeastern University, based in Boston. He is an affiliated faculty member in the College of Engineering.","Fault tolerance and transparent checkpointing; Supercomputing, parallel computing, cloud computing; Formal verification; Cybersecurity","PhD in Applied Mathematics, Brown University; BS in Mathematics and Physics, University of Michigan",1981
Steve Holtzen,https://www.khoury.northeastern.edu/people/steve-holtzen/,"Steve Holtzen is an assistant professor in the Khoury College of Computer Sciences at Northeastern University, based in Boston.",Artificial intelligence; Programming languages; Formal methods,"PhD in Computer Science, UCLA; MS in Computer Science, UCLA; BS in Computer Science, UCLA",1982
Panagiotis (Pete) Manolios,https://www.khoury.northeastern.edu/people/panagiotis-manolios/,"Pete Manolios is a professor in the Khoury College of Computer Sciences at Northeastern University, based in Boston. He leads the computer-aided reasoning group.","Computer-aided modeling, verification, analysis, and synthesis of systems; Formal methods; Distributed computing; Programming languages; Software engineering; Aerospace","PhD in computer science, University of Texas at Austin; BS in computer science, Brooklyn College",1983
Ji-Yong Shin,https://www.khoury.northeastern.edu/people/ji-yong-shin/,"Ji-Yong Shin is an assistant professor in the Khoury College of Computer Sciences, based in Boston.",Distributed systems; Formal verification; Cloud storage systems; Operating systems,"PhD in Computer Science, Cornell University; MS in Computer Science, Korea Advanced Institute of Science and Technology — South Korea; BS in Computer Science and Industrial Engineering, Yonsei University — South Korea",1984
Stavros Tripakis,https://www.khoury.northeastern.edu/people/stavros-tripakis/,"Stavros Tripakis is an associate professor in the Khoury College of Computer Sciences at Northeastern University, based in Boston.",Foundations of software and system design; Computer-aided verification and synthesis; Cyber-physical systems,"PhD in Computer Science, Joseph Fourier University — France; MS in Computer Science, Ecole Normale Superieure — France; BS in Computer Science, University of Crete — Greece",1985
Seth Cooper,https://www.khoury.northeastern.edu/people/seth-cooper/,"Seth Cooper is an associate professor in the Khoury College of Computer Sciences at Northeastern University, based in Boston.",Tools for assisting game design and development; Interfaces for problem-solving; Scientific discovery games; Crowdsourcing games; Serious games; Citizen science,"PhD in Computer Science and Engineering, University of Washington; MS in Computer Science and Engineering, University of Washington; BS in Electrical Engineering and Computer Science, University of California, Berkeley",1986
Bob De Schutter,https://www.khoury.northeastern.edu/people/bob-de-schutter/,"Bob De Schutter is an associate professor in the Khoury College of Computer Sciences and the College of Arts, Media and Design at Northeastern University, based in Boston.",Game design and development; Independent video games; Serious games; Player motivation; Aging,"PhD in Social Science, Katholieke Universiteit Leuven — Belgium; MA in Visual Arts, Karel De Grote University College — Belgium",1987
Brianna Dym,https://www.khoury.northeastern.edu/people/brianna-dym/,"Brianna Dym is an assistant teaching professor in the Khoury College of Computer Sciences at Northeastern University, based at the Roux Institute in Portland, Maine.",,"PhD in Information Science, University of Colorado Boulder; MA in English, University of Alaska; BA in English Education, University of Alaska",1988
Wallace Lages,https://www.khoury.northeastern.edu/people/wallace-lages/,"Wallace Lages is an assistant professor in the Khoury College of Computer Sciences and the College of Arts, Media and Design at Northeastern University, based in Boston.",AR/VR applications; User experience,"PhD in Computer Science, Virginia Tech; MS in Computer Science, Universidade Federal de Minas Gerais — Brazil; BS in Computer Science, Universidade Federal de Minas Gerais — Brazil",1989
Chris Martens,https://www.khoury.northeastern.edu/people/chris-martens/,"Chris Martens is an associate professor in the Khoury College of Computer Sciences and the College of Arts, Media and Design at Northeastern University, based in Boston.",,"PhD in Computer Science, Carnegie Mellon University; BS in Computer Science, Carnegie Mellon University",1990
Alexandra To,https://www.khoury.northeastern.edu/people/alexandra-to/,"Alexandra To is an assistant professor in the Khoury College of Computer Sciences and the College of Arts, Media and Design at Northeastern University, based in Boston.",,,1991
Timothy W. Bickmore,https://www.khoury.northeastern.edu/people/timothy-bickmore/,"Timothy Bickmore is a professor in the Khoury College of Computer Sciences at Northeastern University, based in Boston. He served as the college's associate dean of research from 2017 to 2022.",Human–computer interaction; Dialogue systems; Intelligent virtual agents; Avatars; Personal health informatics; Human–robot interaction,"PhD in Media Arts and Sciences, Massachusetts Institute of Technology; MS in Computer Science, Arizona State University; BSE in Computer Systems Engineering, Arizona State University",1992
Kathleen (Katie) Creel,https://www.khoury.northeastern.edu/people/kathleen-katie-creel/,"Kathleen Creel is an assistant professor at Northeastern University, holding joint appointments in the College of Social Sciences and Humanities and Khoury College of Computer Sciences, based in Boston. Her research explores the moral, political, and epistemic implications of machine learning as it is used in automated decision-making and in science. Before joining Northeastern, Creel was the Embedded Ethics fellow in the Center for Ethics in Society and the Institute for Human-Centered Artificial Intelligence at Stanford University. In this role, she worked with the Stanford Computer Science department to embed ethics in the core curriculum. Creel worked as a software engineer at MIT Lincoln Laboratory and subsequently pursued her doctorate in history and philosophy of science from the University of Pittsburgh.Creel’s research has been recognized with FAccT’s Best Paper Award, IACAP’s Herbert A. Simon Award for Outstanding Research in Computing and Philosophy, and the Philosophy of Science Association’s Ernst Nagel Early Career Scholar Essay Award.","Algorithmic fairness, transparency, and explanation; Monoculture and homogeneity due to use of AI; Philosophy of science and science of science","PhD in History and Philosophy of Science, University of Pittsburgh; MA in Philosophy, Simon Fraser University — Canada; BA in Computer Science and Philosophy, Williams College",1993
Maitraye Das,https://www.khoury.northeastern.edu/people/maitraye-das/,"Maitraye Das is an assistant professor in the Khoury College of Computer Sciences and the College of Arts, Media and Design at Northeastern University, based in Boston.",Accessible computing; Collaborative computing; Human–computer interaction,"PhD in technology and social behavior, Northwestern University; MS in technology and social behavior, Northwestern University; BS in computer science and engineering, Bangladesh University of Engineering and Technology",1994
Don Fallis,https://www.khoury.northeastern.edu/people/don-fallis/,"Don Fallis is a professor in the Khoury College of Computer Sciences at Northeastern University, based in Boston. He is jointly appointed with the College of Social Sciences and Humanities.",Epistemology; Philosophy of information; Philosophy of mathematics,"PhD in Philosophy, University of California, Irvine; MA in Philosophy, University of California, Irvine; BA in Philosophy, University of California, Irvine; BA in Psychology, University of California, Irvine",1995
Matthew Goodwin,https://www.khoury.northeastern.edu/people/matthew-goodwin/,"Matthew S. Goodwin is a professor in the Khoury College of Computer Sciences and the Bouvé College of Health Sciences at Northeastern University, based in Boston.",Ambulatory psychophysiology; Autism spectrum disorder; Digital signal processing; Machine learning; Personal health informatics,"Postdoctorate in Affective Computing, Massachusetts Institute of Technology; PhD in Behavioral Science, University of Rhode Island; MA in Experimental Psychology, University of Rhode Island; BA in Psychology, Wheaton College",1996
Megan Hofmann,https://www.khoury.northeastern.edu/people/megan-hofmann/,"Megan Hofmann is an assistant professor in the Khoury College of Computer Sciences at Northeastern University, based in Boston.",Human–computer interaction; Personal health informatics; Accessibility; Digital fabrication,"PhD in Human–Computer Interaction, Carnegie Mellon University; MS in Human–Computer Interaction, Carnegie Mellon University; BS in Computer Science, Colorado State University",1997
Stephen Intille,https://www.khoury.northeastern.edu/people/stephen-intille/,"Stephen Intille is a professor in the Khoury College of Computer Sciences and the Bouvé College of Health Sciences at Northeastern University, based in Boston.","Personal health informatics; Interactive, mobile sensing; Machine learning; Behavioral theory and measurement","PhD in Media Arts and Sciences, Massachusetts Institute of Technology; SM in Media Arts and Sciences, Massachusetts Institute of Technology; BSE in Computer Science and Engineering, University of Pennsylvania",1998
Chenyan Jia,https://www.khoury.northeastern.edu/people/chenyan-jia/,"Chenyan Jia is an assistant professor in the Khoury College of Computer Sciences and the College of Arts, Media and Design at Northeastern University, based in Boston.",,"PhD in Journalism and Media, The University of Texas at Austin; MA in Communication, Peking University — China; BA in Communication, Huazhong University of Science and Technology — China; BA in English (dual degree), Wuhan University — China",1999
Rébecca Kleinberger,https://www.khoury.northeastern.edu/people/rebecca-kleinberger/,"Rebecca Kleinberger is an assistant professor in the Khoury College of Computer Sciences and the College of Arts, Media and Design at Northeastern University, based in Boston.",Animal–computer interaction; Technological enrichment for zoo animals; Human–computer interaction; Voice technology; Assistive technology; Music technology,"PhD in Media Arts and Sciences, Massachusetts Institute of Technology; MS in Media Arts and Sciences, Massachusetts Institute of Technology; MS in VR and Computer Graphics, University College London — United Kingdom; MS in Mechanical Engineering, Ecole National Supérieure des Arts et Métiers — France",2000
Chris Le Dantec,https://www.khoury.northeastern.edu/people/chris-le-dantec/,"Christopher Le Dantec is a professor and the director of digital civics in the Khoury College of Computer Sciences and the College of Arts, Media and Design at Northeastern University, based in Boston.",,"PhD in Human-centered Computing, Georgia Institute of Technology; BS in Computer Engineering, University of Arizona",2001
Stacy C. Marsella,https://www.khoury.northeastern.edu/people/stacy-c-marsella/,"Stacy Marsella is a professor in the Khoury College of Computer Sciences and the College of Science at Northeastern University, based in Boston.","Human behavior modeling, particularly health applications","PhD in Computer Science, Rutgers University; MS in Computer Science, Worcester Polytechnic Institute; BA in Economics, Harvard University",2002
Elizabeth Mynatt,https://www.khoury.northeastern.edu/people/elizabeth-mynatt/,"Elizabeth Mynatt is the Dean of Khoury College of Computer Sciences. She joined Northeastern University in January 2022 after a 23-year career at Georgia Institute of Technology (Georgia Tech), where she most recently served as Regents’ and Distinguished Professor in the College of Computing and executive director of the Institute of People and Technology.",Health informatics; Human computer interaction; Ubiquitous computing,"PhD in Computer Science, Georgia Institute of Technology; MS in Computer Science, Georgia Institute of Technology; BS in Computer Science, summa cum laude, North Carolina State University",2003
Rupal Patel,https://www.khoury.northeastern.edu/people/rupal-patel/,"Rupal Patel is a professor in the Khoury College of Computer Sciences and the Bouvé College of Health Sciences at Northeastern University, based in Boston. She is a founding member of the doctoral program in personal health informatics and the founder and director of the Communication Analysis and Design Laboratory (CadLab).",Speech acoustics and analytics; Design and development of assistive communication technology; Speech motor control in neuromotor disorders; Typical speech development,"Postdoc, Massachusetts Institute of Technology; PhD in Speech Language Pathology, University of Toronto — Canada; MHSc in Speech Language Pathology, University of Toronto — Canada; BSc in Neuropsychology, University of Calgary — Canada",2004
Herman Saksono,https://www.khoury.northeastern.edu/people/herman-saksono/,"Herman Saksono is an assistant professor in the Khoury College of Computer Sciences and the Bouvé College of Health Sciences at Northeastern University, based in Boston.",Human-centered computing; Personal health informatics,"PhD in Computer Science, Northeastern University; MS in Computer Science, Northeastern University; BE in Electrical Engineering, Universitas Gadjah Mada — Indonesia",2005
Divya Chaudhary,https://www.khoury.northeastern.edu/people/divya-chaudhary/,"Divya Chaudhary is an assistant teaching professor in the Khoury College of Computer Sciences at Northeastern University, based in Seattle.",Artificial intelligence; Data science; Machine learning; Natural language processing and information retrieval; Personal health informatics,"PhD in Computer Engineering, University of Delhi — India; MTech in Computer Science, Maharshi Dayanand University — India; BTech in Information Technology, Maharshi Dayanand University — India",2006
Huaizu Jiang,https://www.khoury.northeastern.edu/people/huaizu-jiang/,"Huaizu Jiang is an assistant professor in the Khoury College of Computer Sciences at Northeastern University, based in Boston.",Computer vision; Computational photography; Machine learning,"PhD in Computer Science, University of Massachusetts, Amherst; MEng in Intelligent System and Pattern Recognition, Xi'an Jiaotong University — China; BEng in Electrical Engineering, Xi'an Jiaotong University — China",2007
Jonathan Mwaura,https://www.khoury.northeastern.edu/people/jonathan-mwaura/,"Jonathan Mwaura is an associate teaching professor at the Khoury College of Computer Sciences at Northeastern University. He teaches introductory mathematics courses, algorithms, artificial intelligence and machine learning.",Evolutionary computation; Multimodal optimization; Robotics,"PhD in Computer Science, University of Exeter – UK; BS in Computer Science, Kenyatta University – Kenya",2008
David Smith,https://www.khoury.northeastern.edu/people/david-smith/,"David A. Smith is an associate professor in the Khoury College of Computer Sciences at Northeastern University, based in Boston. He is a founding member of the NULab for Texts, Maps, and Networks, Northeastern University’s center for the digital humanities and computational social sciences.","Efficient inference for machine learning models with complex latent structure; Modeling natural language structures, such as morphology, syntax, and semantics; Modeling the mutations in texts as they propagate through social networks and in language across space and time; Interactive information retrieval and machine learning for expert users","PhD in Computer Science, Johns Hopkins University; BA in Classics, Harvard University",2009
Chieh Wu,https://www.khoury.northeastern.edu/people/chieh-wu/,"Chieh Wu is an associate professor at the Khoury College of Computer Sciences at Northeastern University, based in Boston.",,"PhD in Big Data and Machine Learning, Northeastern University; MS in Electrical Engineering, Northeastern University; BS in Electrical Engineering, Pennsylvania State University",2010
Virgil Pavlu,https://www.khoury.northeastern.edu/people/virgil-pavlu/,"Virgil Pavlu is an associate teaching professor at the Khoury College of Computer Sciences at Northeastern University. He earned his doctorate in computer science from Northeastern and his bachelor’s in mathematics from the University of Bucharest, Romania. Pavlu’s research interests include information retrieval, including diversity, learning to rank, metasearch, score distribution models, and relevance feedback. At Northeastern, he teaches machine learning, information retrieval, and algorithms.",Information retrieval; Machine learning; Algorithms,"PhD in Computer Science, Northeastern University; BS in Mathematics with minor in Computer Science, University of Bucharest — Romania",2011
Holly Jimison,https://www.khoury.northeastern.edu/people/holly-jimison/,"Holly B. Jimison is a professor of the practice in the Khoury College of Computer Sciences and the Bouvé College of Health Sciences at Northeastern University, based in Boston.",Personal health informatics; Pattern recognition; Decision support; Consumer health informatics,"PhD in Medical Information Sciences, Stanford University; BS in Mathematics, University of Illinois",2012
Misha Pavel,https://www.khoury.northeastern.edu/people/misha-pavel/,"Misha Pavel is a research professor in the Khoury College of Computer Sciences and the Bouvé College of Health Sciences at Northeastern University, based in Boston.",Behavioral informatics,"PhD in Experimental/Mathematical Psychology, New York University; MS in Electrical Engineering, Stanford University; BS in Electrical Engineering, Polytechnic Institute of Brooklyn",2013
Aarti Sathyanarayana,https://www.khoury.northeastern.edu/people/aarti-sathyanarayana/,"Aarti Sathyanarayana is an assistant professor in the Khoury College of Computer Sciences and the Bouvé College of Health Sciences at Northeastern University, based in Boston.",Digital health; Wearable devices; Digital phenotyping; Digital biomarker discovery,"PhD in Computer Science, University of Minnesota; MS in Computer Science, University of Minnesota; BS in Mathematics, University of Minnesota",2014
Amal Ahmed,https://www.khoury.northeastern.edu/people/amal-ahmed/,"Amal Ahmed is a professor in the Khoury College of Computer Sciences at Northeastern University, based in Boston.",Programming languages; Correct and secure compilation; Gradual typing; Safe language interoperability,"PhD in Computer Science, Princeton University; MS in Computer Science, Stanford University; BA in Computer Science and Economics, Brown University",2015
Jonathan Bell,https://www.khoury.northeastern.edu/people/jonathan-bell/,"Jonathan Bell is an associate professor in the Khoury College of Computer Sciences at Northeastern University, based in Boston. He is a member of the Programming Research Laboratory.",Software engineering; Program analysis; Automated approaches to help developers write better software,"PhD in Computer Science, Columbia University; MPhil in Computer Science, Columbia University; MS in Computer Science, Columbia University; BS in Computer Science, Columbia University",2016
Matthias Felleisen,https://www.khoury.northeastern.edu/people/matthias-felleisen/,"Matthias Felleisen is a trustee professor in the Khoury College of Computer Sciences at Northeastern University, based in Boston.",Programming languages; Software engineering,"PhD in Computer Science, Indiana University; MS, The University of Arizona; BS in Industrial Engineering, Universität Karlsruhe — Germany",2017
Daniel Patterson,https://www.khoury.northeastern.edu/people/daniel-patterson/,"Daniel Patterson is an assistant teaching professor at the Khoury College of Computer Sciences at Northeastern University. He earned his bachelor’s from Brown University and his PhD from Northeastern University. He is broadly interested in the first few years of the curriculum: how we help a person get from no experience with Computer Science or programming to be able to have a productive first co-op. His background is in programming languages, and that influences how he approaches Fundamentals 1 & 2, which are at their core about teaching students how to use the fundamental tool of computer science: the programming language. Patterson is also interested in logic and specification, and how that can enable students to reason more effectively about the programs they write: potentially starting from the second semester, with Logic & Computation.",Computer science education logic and specification; Formal methods; Programming languages,"PhD, Northeastern University; BS, Brown University",2018
Olin Shivers,https://www.khoury.northeastern.edu/people/olin-shivers/,"Olin Shivers is a professor in the Khoury College of Computer Science at Northeastern University, based in Boston.",Programming languages; Systems and networking; Compilers,"PhD in Computer Science, Carnegie Mellon University; BS in Computer Science and Mathematics, Yale University",2019
Frank Tip,https://www.khoury.northeastern.edu/people/frank-tip/,"Frank Tip is a professor in the Khoury College of Computer Sciences at Northeastern University, based in Boston. He was named an Amazon Scholar in 2024.",Programming languages; Software engineering,"PhD in Computer Science, University of Amsterdam — Netherlands",2020
Robert Platt,https://www.khoury.northeastern.edu/people/robert-platt/,"Robert Platt is an associate professor in the Khoury College of Computer Sciences at Northeastern University, based in Boston. He is also affiliated with the College of Engineering.","Perception, planning, and control for robotic manipulation","PhD in Computer Science, University of Massachusetts Amherst",2021
Michael Everett,https://www.khoury.northeastern.edu/people/michael-everett/,"Michael Everett is an assistant professor in the Khoury College of Computer Sciences and the College of Engineering at Northeastern University, based in Boston.",Robotics; Motion planning; Reinforcement learning; Neural network verification; Control theory,"PhD in Mechanical Engineering, Massachusetts Institute of Technology; MS in Mechanical Engineering, Massachusetts Institute of Technology; BS in Mechanical Engineering, Massachusetts Institute of Technology",2022
Ian Gorton,https://www.khoury.northeastern.edu/people/ian-gorton/,"Ian Gorton is a professor of the practice and the director of mobility programs in the Khoury College of Computer Sciences at Northeastern University, based in Seattle.",,"PhD in Computer Science, Sheffield Hallam University — United Kingdom; BS, Sheffield Hallam University — United Kingdom",2023
Karl Lieberherr,https://www.khoury.northeastern.edu/people/karl-lieberherr/,"Karl Lieberherr is a professor in the Khoury College of Computer Sciences at Northeastern University, based in Boston.",Modularity in software development; Test-driven development for relational queries using neural networks; Socio-technical systems for problem solving in STEM areas involving competition and collaboration,"PhD, ETH Zurich — Switzerland; MS in mathematics, ETH Zurich — Switzerland",2024
Jan Vitek,https://www.khoury.northeastern.edu/people/jan-vitek/,"Jan Vitek is a professor in the Khoury College of Computer Sciences at Northeastern University, based in Boston.",Programming languages; Compilers; Program analysis; Memory management; Virtual machine; Type systems,"PhD in information systems, University of Geneva — Switzerland; MS in computer science, University of Victoria — Canada",2025
Peter Desnoyers,https://www.khoury.northeastern.edu/people/peter-desnoyers/,"Peter Desnoyers is an associate professor in the Khoury College of Computer Sciences at Northeastern University, based in Boston.",Integration of emerging storage technologies into existing software infrastructures; Algorithms for Flash storage; Shingled magnetic recording disk drives; Operating systems,"PhD in Computer Science, The University of Massachusetts, Amherst; MS in Electrical Engineering and Computer Science, Massachusetts Institute of Technology; BS in Electrical Engineering and Computer Science, Massachusetts Institute of Technology",2026
Guevara Noubir,https://www.khoury.northeastern.edu/people/guevara-noubir/,"Guevara Noubir is a professor and the executive director of cybersecurity programs in the Khoury College of Computer Sciences at Northeastern University, based in Boston. He is also the principal investigator of Northeastern University’s NSA/DHS-designated Center of Academic Excellence in Cybersecurity.",Theory and practice of privacy and security; Robustness of networked systems,"PhD in computer science, Swiss Federal Institute of Technology, Lausanne — Switzerland",2027
Scott Valcourt,https://www.khoury.northeastern.edu/people/scott-valcourt/,"Scott Valcourt is an associate teaching professor at the Roux Institute at Northeastern University's Portland campus. He teaches courses and learning modules in computer science to advance educational and research opportunities in Maine. His areas of focus include cyberinfrastructure, broadband expansion, telehealth, computer science education (K-20), cybersecurity, AR/VR/XR, and high-performance computing (HPC).",Systems and networking; Software engineering; Programming languages; Network science; Science of learning; Team science,"PhD in Engineering: Systems Design, University of New Hampshire; MS in Computer Science, University of New Hampshire; BA in Computer Science with Mathematics Emphasis, Saint Anselm College",2028
